time_limit,timeout_rate_Novice,timeout_rate_Average,timeout_rate_Expert
5,0.9863013698630136,0.9285714285714286,0.7192982456140351
10,0.7945205479452054,0.37142857142857144,0.0
15,0.2191780821917808,0.0,0.0
20,0.0,0.0,0.0
25,0.0,0.0,0.0
30,0.0,0.0,0.0
